CustomerID,CustomerName,Gender,Region,CustomerType,CustomerEmail
1,sara johnston,Female,South,Whole sale,sara johnston@Gmail.com
2,natalie abbott,Male,North,Retail,natalie abbott@Gmail.com
3,angela watson,Fe-male,East,Retail,angela watson@Gmail.com
4,edward shelton,Male,South,Retail,edward shelton@Gmail.com
5,scott cole,Male,North,Wholesale,scott cole@Gmail.com
6,eric matthews,Male,North,Retail,eric matthews@Gmail.com
7,johnny santos,Male,South,Wholesale,johnny santos@Gmail.com
8,darin gutierrez,Male,West,Retail,darin gutierrez@Gmail.com
9,mary norton,Male,South,Retail,mary norton@Gmail.com
10,kaitlyn newman,Male,East,Wholesale,kaitlyn newman@Gmail.com
11,andrea williams,Male,North,Retaill,andrea williams@Gmail.com
12,nicholas lee,Male,East,Wholesale,nicholas lee@Gmail.com
13,whitney mcdowell,Male,West,Retail,whitney mcdowell@Gmail.com
14,david savage,Male,North,Wholesale,david savage@Gmail.com
15,lisa rodriguez,Male,South,Retail,lisa rodriguez@Gmail.com
16,pamela phelps,Male,North,Retail,pamela phelps@Gmail.com
17,william jones,Male,North,Retail,william jones@Gmail.com
18,steven perkins,Male,North,Retail,steven perkins@Gmail.com
19,carl bryant,Male,East,Retail,carl bryant@Gmail.com
20,brian williams,Male,South,Whole sale,brian williams@Gmail.com
21,adam lee,Male,South,Whole-sale,adam lee@Gmail.com
22,tiffany burke,Female,North,Wholesale,tiffany burke@Gmail.com
23,charles conway,Male,South,Wholesale,charles conway@Gmail.com
24,adrian johnson,Male,East,Retaill,adrian johnson@Gmail.com
25,jonathan perez,Male,East,Retail,jonathan perez@Gmail.com
26,erica harris,Male,North,Retail,erica harris@Gmail.com
27,crystal hall,Male,West,Wholesale,crystal hall@Gmail.com
28,joseph olsen,Male,West,Retail,joseph olsen@Gmail.com
29,lori kline,Male,East,Retail,lori kline@Gmail.com
30,kyle moran,Male,West,Retail,kyle moran@Gmail.com
31,theresa barrett,Female,South,Wholesale,theresa barrett@Gmail.com
32,erin frank,Male,North,Retail,erin frank@Gmail.com
33,tammy davis,Male,East,Wholesale,tammy davis@Gmail.com
34,david weaver,Male,North,Wholesale,david weaver@Gmail.com
35,carlos mitchell,Male,East,Wholesale,carlos mitchell@Gmail.com
36,sara wilkinson,Female,West,Wholesale,sara wilkinson@Gmail.com
37,joanne harris,Female,East,Whole sale,joanne harris@Gmail.com
38,travis wright,Male,North,Wholesale,travis wright@Gmail.com
39,holly walker,Male,North,Wholesale,holly walker@Gmail.com
40,david ray,Male,West,Retail,david ray@Gmail.com
41,jessica thompson,Female,North,Wholesale,jessica thompson@Gmail.com
42,diane hayes,Male,South,Retail,diane hayes@Gmail.com
43,john martinez dds,Male,North,Retail,john martinez dds@Gmail.com
44,adam walsh,Male,South,Retail,adam walsh@Gmail.com
45,carolyn meyer,Male,East,Retail,carolyn meyer@Gmail.com
46,jennifer tucker,Female,South,Retail,jennifer tucker@Gmail.com
47,wayne hill,Male,West,Retail,wayne hill@Gmail.com
48,john parks,Male,East,Wholesale,john parks@Gmail.com
49,gary munoz,Male,West,Retail,gary munoz@Gmail.com
50,stephen jones,Male,West,Wholesale,stephen jones@Gmail.com
51,jerry garcia,Male,North,Retail,jerry garcia@Gmail.com
52,kenneth morales,Male,East,Wholesale,kenneth morales@Gmail.com
53,katrina mcgee,Male,West,Wholesale,katrina mcgee@Gmail.com
54,amanda levy,Fe-male,East,Wholesale,amanda levy@Gmail.com
55,john douglas,Male,North,Wholesale,john douglas@Gmail.com
56,john jimenez,Male,West,Retail,john jimenez@Gmail.com
57,susan carey,Female,West,Wholesale,susan carey@Gmail.com
58,mr. derrick bender,Male,East,Wholesale,mr. derrick bender@Gmail.com
59,holly dixon,Male,North,Wholesale,holly dixon@Gmail.com
60,kristen hendrix,Male,East,Retail,kristen hendrix@Gmail.com
61,summer benson,Male,West,Wholesale,summer benson@Gmail.com
62,lisa maldonado,Male,East,Retail,lisa maldonado@Gmail.com
63,nicholas hart,Male,West,Whole sale,nicholas hart@Gmail.com
64,stephen burns,Male,East,Wholesale,stephen burns@Gmail.com
65,alan church,Male,West,Whole-sale,alan church@Gmail.com
66,christine schroeder,Fe-male,North,Retail,christine schroeder@Gmail.com
67,jessica fox,Female,East,Retail,jessica fox@Gmail.com
68,isabel stewart,Fe-male,West,Whole sale,isabel stewart@Gmail.com
69,laura williams,Male,South,Retail,laura williams@Gmail.com
70,mark maynard,Male,North,Retail,mark maynard@Gmail.com
71,allison tucker,Male,East,Retaill,allison tucker@Gmail.com
72,suzanne carter,Female,East,Wholesale,suzanne carter@Gmail.com
73,yvette watson,Male,North,Wholesale,yvette watson@Gmail.com
74,jennifer garza,Fe-male,North,Retail,jennifer garza@Gmail.com
75,jesus ward,Female,South,Wholesale,jesus ward@Gmail.com
76,william reynolds,Male,North,Wholesale,william reynolds@Gmail.com
77,angela herrera,Fe-male,West,Retail,angela herrera@Gmail.com
78,nicole gutierrez,Male,East,Retail,nicole gutierrez@Gmail.com
79,thomas williams,Male,West,Wholesale,thomas williams@Gmail.com
80,bryan walsh,Male,South,Whole-sale,bryan walsh@Gmail.com
81,michael davis,Male,East,Retail,michael davis@Gmail.com
82,larry smith,Male,South,Wholesale,larry smith@Gmail.com
83,amanda house,Fe-male,South,Wholesale,amanda house@Gmail.com
84,lauren harvey,Male,West,Wholesale,lauren harvey@Gmail.com
85,christopher villanueva,Male,South,Retail,christopher villanueva@Gmail.com
86,claudia warner,Male,North,Wholesale,claudia warner@Gmail.com
87,erica serrano,Male,South,Retail,erica serrano@Gmail.com
88,christopher green,Male,South,Retail,christopher green@Gmail.com
89,anna santos,Fe-male,South,Wholesale,anna santos@Gmail.com
90,jacqueline boyer,Male,North,Wholesale,jacqueline boyer@Gmail.com
91,wendy graves,Male,South,Wholesale,wendy graves@Gmail.com
92,amanda jones,Fe-male,South,Retail,amanda jones@Gmail.com
93,eric bell,Male,West,Wholesale,eric bell@Gmail.com
94,ivan acosta,Male,North,Retail,ivan acosta@Gmail.com
95,jacob garcia,Male,West,Wholesale,jacob garcia@Gmail.com
96,paul oneill,Male,West,Wholesale,paul oneill@Gmail.com
97,sherry chen phd,Female,West,Retail,sherry chen phd@Gmail.com
98,jessica brooks,Fe-male,East,Retail,jessica brooks@Gmail.com
99,ashley andrews,Fe-male,North,Wholesale,ashley andrews@Gmail.com
100,rebecca richard,Male,North,Wholesale,rebecca richard@Gmail.com
101,benjamin allen,Male,West,Retaill,benjamin allen@Gmail.com
102,douglas palmer,Male,West,Retail,douglas palmer@Gmail.com
103,kathryn gay,Male,North,Wholesale,kathryn gay@Gmail.com
104,megan rodriguez,Male,North,Retail,megan rodriguez@Gmail.com
105,joseph jackson,Male,South,Wholesale,joseph jackson@Gmail.com
106,marie long,Male,West,Wholesale,marie long@Gmail.com
107,corey barr,Male,South,Wholesale,corey barr@Gmail.com
108,martin schwartz,Male,South,Retail,martin schwartz@Gmail.com
109,sally jenkins,Female,South,Wholesale,sally jenkins@Gmail.com
110,karen nolan,Male,West,Wholesale,karen nolan@Gmail.com
111,tonya taylor,Male,West,Retail,tonya taylor@Gmail.com
112,lisa smith,Male,North,Retail,lisa smith@Gmail.com
113,rick cox,Male,West,Wholesale,rick cox@Gmail.com
114,brandon kelley,Male,North,Whole-sale,brandon kelley@Gmail.com
115,kathleen oneill,Male,East,Retail,kathleen oneill@Gmail.com
116,terry drake,Male,East,Wholesale,terry drake@Gmail.com
117,shawn medina,Male,South,Retail,shawn medina@Gmail.com
118,christine johnson,Fe-male,North,Wholesale,christine johnson@Gmail.com
119,dakota wong,Male,South,Wholesale,dakota wong@Gmail.com
120,chelsea velasquez,Male,South,Retail,chelsea velasquez@Gmail.com
121,ashley hill,Fe-male,North,Wholesale,ashley hill@Gmail.com
122,stephen shah,Male,South,Wholesale,stephen shah@Gmail.com
123,gregory jones,Male,West,Retail,gregory jones@Gmail.com
124,david smith,Male,West,Wholesale,david smith@Gmail.com
125,dale shaw,Male,North,Retail,dale shaw@Gmail.com
126,aaron yu,Male,South,Whole-sale,aaron yu@Gmail.com
127,benjamin gill,Male,West,Retaill,benjamin gill@Gmail.com
128,rachel jackson,Male,North,Retail,rachel jackson@Gmail.com
129,rebecca davidson,Male,West,Retail,rebecca davidson@Gmail.com
130,katherine olson,Male,West,Wholesale,katherine olson@Gmail.com
131,andrea walsh,Male,South,Retaill,andrea walsh@Gmail.com
132,zachary nguyen,Male,South,Retail,zachary nguyen@Gmail.com
133,amy rodriguez,Fe-male,West,Wholesale,amy rodriguez@Gmail.com
134,patrick garza,Male,East,Retail,patrick garza@Gmail.com
135,michael flores,Male,North,Retail,michael flores@Gmail.com
136,sheila ross,Male,West,Wholesale,sheila ross@Gmail.com
137,mario vazquez,Male,East,Wholesale,mario vazquez@Gmail.com
138,shelby myers,Male,North,Wholesale,shelby myers@Gmail.com
139,joshua jones,Male,North,Wholesale,joshua jones@Gmail.com
140,anthony bishop,Male,South,Whole sale,anthony bishop@Gmail.com
141,april wilson,Male,East,Retaill,april wilson@Gmail.com
142,jeffrey herrera,Male,North,Retail,jeffrey herrera@Gmail.com
143,robert gordon,Male,South,Retail,robert gordon@Gmail.com
144,lauren mendoza,Male,North,Wholesale,lauren mendoza@Gmail.com
145,melissa wright,Male,North,Wholesale,melissa wright@Gmail.com
146,jorge parker,Male,South,Retail,jorge parker@Gmail.com
147,alex sims,Male,West,Retaill,alex sims@Gmail.com
148,mr. tim davis,Male,South,Retail,mr. tim davis@Gmail.com
149,jeffery martinez,Male,North,Wholesale,jeffery martinez@Gmail.com
150,justin smith,Male,West,Wholesale,justin smith@Gmail.com
151,tony ramirez,Male,North,Retail,tony ramirez@Gmail.com
152,robert douglas,Male,South,Retail,robert douglas@Gmail.com
153,melissa armstrong,Male,North,Retail,melissa armstrong@Gmail.com
154,maria james,Male,North,Wholesale,maria james@Gmail.com
155,madison robbins,Male,North,Wholesale,madison robbins@Gmail.com
156,manuel lee,Male,South,Retail,manuel lee@Gmail.com
157,erin evans,Male,South,Wholesale,erin evans@Gmail.com
158,rebecca gonzalez,Male,South,Wholesale,rebecca gonzalez@Gmail.com
159,mary barrera,Male,North,Retail,mary barrera@Gmail.com
160,jessica norman,Female,West,Retail,jessica norman@Gmail.com
161,carla johnson,Fe-male,East,Wholesale,carla johnson@Gmail.com
162,sandra brown,Female,East,Retail,sandra brown@Gmail.com
163,ashley perez,Fe-male,North,Wholesale,ashley perez@Gmail.com
164,heather richards,Male,East,Wholesale,heather richards@Gmail.com
165,christian wilkinson,Male,East,Retail,christian wilkinson@Gmail.com
166,allison davis,Male,North,Whole-sale,allison davis@Gmail.com
167,jeffery cohen,Male,South,Retail,jeffery cohen@Gmail.com
168,andre johnson,Male,North,Whole-sale,andre johnson@Gmail.com
169,tom moreno,Male,West,Wholesale,tom moreno@Gmail.com
170,jeffrey barton,Male,South,Retail,jeffrey barton@Gmail.com
171,yvonne powell,Male,West,Retail,yvonne powell@Gmail.com
172,nicholas martin,Male,South,Retail,nicholas martin@Gmail.com
173,cameron shah,Male,North,Retail,cameron shah@Gmail.com
174,andrea dickson,Male,North,Retaill,andrea dickson@Gmail.com
175,teresa meyer,Female,West,Retail,teresa meyer@Gmail.com
176,carol cooper,Male,East,Wholesale,carol cooper@Gmail.com
177,sabrina cole,Female,South,Wholesale,sabrina cole@Gmail.com
178,janet kennedy,Male,South,Wholesale,janet kennedy@Gmail.com
179,rachel green,Male,North,Wholesale,rachel green@Gmail.com
180,brittany williams,Fe-male,North,Wholesale,brittany williams@Gmail.com
181,joanne gardner,Female,South,Retail,joanne gardner@Gmail.com
182,laura walters,Male,West,Wholesale,laura walters@Gmail.com
183,elizabeth griffin,Fe-male,South,Wholesale,elizabeth griffin@Gmail.com
184,stephanie anderson,Female,West,Retail,stephanie anderson@Gmail.com
185,russell martin,Male,West,Wholesale,russell martin@Gmail.com
186,kelly willis,Male,South,Retail,kelly willis@Gmail.com
187,leslie berger,Male,South,Wholesale,leslie berger@Gmail.com
188,david brooks,Male,East,Retail,david brooks@Gmail.com
189,erin bond,Male,North,Retail,erin bond@Gmail.com
190,keith anderson,Male,West,Wholesale,keith anderson@Gmail.com
191,jeremy gilbert,Male,South,Retail,jeremy gilbert@Gmail.com
192,david massey,Male,East,Whole sale,david massey@Gmail.com
193,tony wilson,Male,South,Whole sale,tony wilson@Gmail.com
194,david stein jr.,Male,North,Whole sale,david stein jr.@Gmail.com
195,john lewis,Male,North,Retail,john lewis@Gmail.com
196,nicholas fleming,Male,South,Whole sale,nicholas fleming@Gmail.com
197,holly lawson,Male,West,Whole sale,holly lawson@Gmail.com
198,melissa frederick,Male,East,Retail,melissa frederick@Gmail.com
199,yvonne flores dvm,Male,East,Whole sale,yvonne flores dvm@Gmail.com
200,mr. douglas moore,Male,South,Whole sale,mr. douglas moore@Gmail.com
201,sara huynh,Female,East,Whole sale,sara huynh@Gmail.com
202,nancy roberts,Male,North,Retail,nancy roberts@Gmail.com
203,christine osborne,Female,East,Whole sale,christine osborne@Gmail.com
204,vickie atkinson,Male,North,Retail,vickie atkinson@Gmail.com
205,johnny kelley,Male,North,Retail,johnny kelley@Gmail.com
206,dr. denise frank dds,Male,North,Retail,dr. denise frank dds@Gmail.com
207,craig beck,Male,North,Whole sale,craig beck@Gmail.com
208,harry madden,Male,North,Retail,harry madden@Gmail.com
209,kenneth webb,Male,South,Wholesale,kenneth webb@Gmail.com
210,april thomas,Male,South,Whole-sale,april thomas@Gmail.com
211,mark dean,Male,West,Retail,mark dean@Gmail.com
212,jennifer valdez,Female,East,Wholesale,jennifer valdez@Gmail.com
213,catherine morgan,Female,North,Retail,catherine morgan@Gmail.com
214,patricia henderson,Male,North,Wholesale,patricia henderson@Gmail.com
215,stacey williams,Male,North,Retail,stacey williams@Gmail.com
216,ryan roman,Male,West,Wholesale,ryan roman@Gmail.com
217,paul wiley,Male,East,Wholesale,paul wiley@Gmail.com
218,bryan white,Male,South,Retail,bryan white@Gmail.com
219,michael phillips,Male,East,Wholesale,michael phillips@Gmail.com
220,daniel cole,Male,East,Wholesale,daniel cole@Gmail.com
221,maria keith,Male,North,Retail,maria keith@Gmail.com
222,kim weaver,Male,East,Wholesale,kim weaver@Gmail.com
223,peter taylor,Male,South,Wholesale,peter taylor@Gmail.com
224,gina franklin,Male,North,Retail,gina franklin@Gmail.com
225,matthew perez,Male,North,Wholesale,matthew perez@Gmail.com
226,brian smith,Male,West,Retaill,brian smith@Gmail.com
227,henry andrews,Male,North,Wholesale,henry andrews@Gmail.com
228,jasmine olson,Male,South,Wholesale,jasmine olson@Gmail.com
229,wyatt cruz,Male,South,Retail,wyatt cruz@Gmail.com
230,stephanie sheppard,Male,West,Wholesale,stephanie sheppard@Gmail.com
231,mrs. crystal heath,Male,West,Wholesale,mrs. crystal heath@Gmail.com
232,debra hansen,Male,West,Retail,debra hansen@Gmail.com
233,angela mason,Female,West,Retail,angela mason@Gmail.com
234,latoya smith,Male,South,Wholesale,latoya smith@Gmail.com
235,stephanie stanley,Male,North,Retail,stephanie stanley@Gmail.com
236,christopher stephenson,Male,East,Wholesale,christopher stephenson@Gmail.com
237,stacy black,Male,West,Wholesale,stacy black@Gmail.com
238,james robinson dvm,Male,West,Wholesale,james robinson dvm@Gmail.com
239,matthew morse,Male,North,Wholesale,matthew morse@Gmail.com
240,vincent crawford,Male,North,Retail,vincent crawford@Gmail.com
241,matthew stephens,Male,South,Wholesale,matthew stephens@Gmail.com
242,ray ferrell,Male,East,Wholesale,ray ferrell@Gmail.com
243,lori martin,Male,East,Retail,lori martin@Gmail.com
244,april cruz,Male,West,Retaill,april cruz@Gmail.com
245,danielle johnson,Male,East,Retail,danielle johnson@Gmail.com
246,donald keith,Male,East,Retail,donald keith@Gmail.com
247,sara wood,Female,West,Retail,sara wood@Gmail.com
248,kim hawkins,Male,South,Wholesale,kim hawkins@Gmail.com
249,gregory potter,Male,East,Wholesale,gregory potter@Gmail.com
250,alyssa white,Female,North,Wholesale,alyssa white@Gmail.com
251,john nguyen,Male,South,Wholesale,john nguyen@Gmail.com
252,thomas best,Male,South,Retail,thomas best@Gmail.com
253,daniel wong,Male,South,Retail,daniel wong@Gmail.com
254,brian williams,Male,West,Retail,brian williams@Gmail.com
255,sabrina burnett,Female,East,Retail,sabrina burnett@Gmail.com
256,thomas ross,Male,South,Retail,thomas ross@Gmail.com
257,john singh,Male,North,Wholesale,john singh@Gmail.com
258,eric sheppard,Male,West,Retail,eric sheppard@Gmail.com
259,ashley cantu,Female,South,Retail,ashley cantu@Gmail.com
260,elizabeth miller,Female,West,Retail,elizabeth miller@Gmail.com
261,james delgado,Male,East,Retail,james delgado@Gmail.com
262,julia johnson,Male,South,Wholesale,julia johnson@Gmail.com
263,robert larson,Male,West,Retail,robert larson@Gmail.com
264,david rodriguez,Male,North,Wholesale,david rodriguez@Gmail.com
265,jessica robbins,Female,North,Retail,jessica robbins@Gmail.com
266,james clay,Male,East,Retail,james clay@Gmail.com
267,amy thornton,Female,West,Wholesale,amy thornton@Gmail.com
268,wendy mullins,Male,West,Retail,wendy mullins@Gmail.com
269,lauren hicks,Male,West,Wholesale,lauren hicks@Gmail.com
270,thomas jones,Male,North,Wholesale,thomas jones@Gmail.com
271,danielle mills,Male,North,Wholesale,danielle mills@Gmail.com
272,james cook,Male,North,Retail,james cook@Gmail.com
273,thomas campbell,Male,West,Retail,thomas campbell@Gmail.com
274,stephanie patterson,Male,West,Wholesale,stephanie patterson@Gmail.com
275,stefanie warren,Female,South,Wholesale,stefanie warren@Gmail.com
276,eric vincent,Male,East,Retail,eric vincent@Gmail.com
277,chad bailey,Male,East,Wholesale,chad bailey@Gmail.com
278,jessica braun,Fe-male,South,Wholesale,jessica braun@Gmail.com
279,charles armstrong,Male,South,Wholesale,charles armstrong@Gmail.com
280,donald hernandez,Male,East,Retail,donald hernandez@Gmail.com
281,matthew bridges,Male,West,Retail,matthew bridges@Gmail.com
282,john gray,Male,West,Retail,john gray@Gmail.com
283,debbie blankenship,Male,North,Wholesale,debbie blankenship@Gmail.com
284,fred branch,Male,West,Wholesale,fred branch@Gmail.com
285,joshua mcintosh,Male,South,Wholesale,joshua mcintosh@Gmail.com
286,susan estrada,Female,North,Retail,susan estrada@Gmail.com
287,thomas perez,Male,East,Retail,thomas perez@Gmail.com
288,shawn woodard,Male,North,Retail,shawn woodard@Gmail.com
289,christopher dyer,Male,North,Retail,christopher dyer@Gmail.com
290,christopher liu,Male,North,Retail,christopher liu@Gmail.com
291,michael stout,Male,North,Retail,michael stout@Gmail.com
292,emily johnston,Female,North,Retail,emily johnston@Gmail.com
293,richard walters,Male,West,Retail,richard walters@Gmail.com
294,amy simpson,Female,North,Wholesale,amy simpson@Gmail.com
295,mark williams,Male,West,Wholesale,mark williams@Gmail.com
296,logan paul,Male,East,Wholesale,logan paul@Gmail.com
297,steven guzman,Male,West,Wholesale,steven guzman@Gmail.com
298,lauren jimenez,Male,East,Wholesale,lauren jimenez@Gmail.com
299,rose pace,Male,West,Retail,rose pace@Gmail.com
300,lisa collier,Male,South,Retail,lisa collier@Gmail.com
301,hunter williams,Male,West,Retail,hunter williams@Gmail.com
302,samantha gray,Female,North,Wholesale,samantha gray@Gmail.com
303,chelsea potter,Male,South,Wholesale,chelsea potter@Gmail.com
304,jill raymond,Female,South,Retail,jill raymond@Gmail.com
305,shane wood,Male,East,Retail,shane wood@Gmail.com
306,latoya adams,Male,South,Wholesale,latoya adams@Gmail.com
307,mallory white,Male,South,Wholesale,mallory white@Gmail.com
308,daniel cantu,Male,South,Wholesale,daniel cantu@Gmail.com
309,tanya cooper,Female,North,Wholesale,tanya cooper@Gmail.com
310,alexis barrera,Male,East,Whole-sale,alexis barrera@Gmail.com
311,bobby douglas,Male,West,Whole-sale,bobby douglas@Gmail.com
312,robert nunez md,Male,East,Wholesale,robert nunez md@Gmail.com
313,gary hunter,Male,East,Wholesale,gary hunter@Gmail.com
314,stephanie christensen,Male,North,Retail,stephanie christensen@Gmail.com
315,teresa robles,Female,West,Wholesale,teresa robles@Gmail.com
316,katherine young,Male,West,Retail,katherine young@Gmail.com
317,travis martinez,Male,East,Wholesale,travis martinez@Gmail.com
318,victor james,Male,West,Retail,victor james@Gmail.com
319,elizabeth rodriguez,Female,West,Wholesale,elizabeth rodriguez@Gmail.com
320,jessica wells,Female,East,Wholesale,jessica wells@Gmail.com
321,lori mills,Male,West,Wholesale,lori mills@Gmail.com
322,kristy johnston,Male,East,Wholesale,kristy johnston@Gmail.com
323,laura blair,Male,North,Wholesale,laura blair@Gmail.com
324,julie deleon,Male,South,Retail,julie deleon@Gmail.com
325,danielle harper,Male,North,Retail,danielle harper@Gmail.com
326,carl burgess,Male,South,Retail,carl burgess@Gmail.com
327,joseph smith,Male,North,Retail,joseph smith@Gmail.com
328,ricardo parks,Male,South,Retail,ricardo parks@Gmail.com
329,kevin richards,Male,West,Retail,kevin richards@Gmail.com
330,brian wood,Male,East,Retail,brian wood@Gmail.com
331,randy lopez,Male,North,Wholesale,randy lopez@Gmail.com
332,michelle briggs,Male,East,Wholesale,michelle briggs@Gmail.com
333,james saunders,Male,West,Retail,james saunders@Gmail.com
334,ian mathis,Male,East,Retail,ian mathis@Gmail.com
335,benjamin martinez,Male,North,Whole-sale,benjamin martinez@Gmail.com
336,brooke dunn,Male,West,Whole-sale,brooke dunn@Gmail.com
337,david ford,Male,South,Retail,david ford@Gmail.com
338,savannah thompson,Male,East,Retail,savannah thompson@Gmail.com
339,billy clay,Male,South,Retaill,billy clay@Gmail.com
340,danielle garcia,Male,North,Wholesale,danielle garcia@Gmail.com
341,vanessa smith,Male,East,Wholesale,vanessa smith@Gmail.com
342,christina mcguire,Female,West,Retail,christina mcguire@Gmail.com
343,dr. whitney thomas,Male,West,Wholesale,dr. whitney thomas@Gmail.com
344,ann duran,Female,South,Wholesale,ann duran@Gmail.com
345,victoria lewis,Male,West,Wholesale,victoria lewis@Gmail.com
346,nicholas young,Male,North,Wholesale,nicholas young@Gmail.com
347,samantha stuart,Female,North,Wholesale,samantha stuart@Gmail.com
348,christine good,Female,West,Retail,christine good@Gmail.com
349,deanna salazar,Male,West,Wholesale,deanna salazar@Gmail.com
350,garrett williams,Male,West,Wholesale,garrett williams@Gmail.com
351,alicia dunn,Male,West,Retaill,alicia dunn@Gmail.com
352,brian williams,Male,South,Retail,brian williams@Gmail.com
353,luke hill,Male,South,Wholesale,luke hill@Gmail.com
354,christina murphy,Female,West,Retail,christina murphy@Gmail.com
355,daniel lee,Male,North,Retail,daniel lee@Gmail.com
356,amy rosario,Female,North,Retail,amy rosario@Gmail.com
357,andrew clark,Male,North,Whole-sale,andrew clark@Gmail.com
358,nicole savage,Male,West,Wholesale,nicole savage@Gmail.com
359,john hughes,Male,South,Retail,john hughes@Gmail.com
360,william shea,Male,West,Wholesale,william shea@Gmail.com
361,erik miller,Male,North,Wholesale,erik miller@Gmail.com
362,cassandra reyes,Male,East,Wholesale,cassandra reyes@Gmail.com
363,joseph mason,Male,West,Wholesale,joseph mason@Gmail.com
364,gabriella schneider,Male,East,Wholesale,gabriella schneider@Gmail.com
365,charles thompson,Male,East,Wholesale,charles thompson@Gmail.com
366,mary rivera,Male,East,Retail,mary rivera@Gmail.com
367,amanda alexander,Female,East,Wholesale,amanda alexander@Gmail.com
368,erica duncan,Male,West,Retail,erica duncan@Gmail.com
369,kevin williams,Male,West,Wholesale,kevin williams@Gmail.com
370,penny ayala,Male,East,Retail,penny ayala@Gmail.com
371,keith castro,Male,South,Wholesale,keith castro@Gmail.com
372,victoria ray,Female,South,Retail,victoria ray@Gmail.com
373,linda friedman,Male,South,Wholesale,linda friedman@Gmail.com
374,denise gutierrez,Male,South,Retail,denise gutierrez@Gmail.com
375,kirsten bonilla,Male,West,Retail,kirsten bonilla@Gmail.com
376,perry stone,Male,North,Wholesale,perry stone@Gmail.com
377,dawn frazier,Male,East,Retail,dawn frazier@Gmail.com
378,christina smith,Female,East,Retail,christina smith@Gmail.com
379,emily daniels,Female,West,Wholesale,emily daniels@Gmail.com
380,kristen miller,Male,North,Wholesale,kristen miller@Gmail.com
381,adam lewis,Male,North,Whole-sale,adam lewis@Gmail.com
382,caitlin booth,Male,South,Retail,caitlin booth@Gmail.com
383,ashley aguilar,Female,East,Retail,ashley aguilar@Gmail.com
384,benjamin sutton,Male,East,Retaill,benjamin sutton@Gmail.com
385,kim brown,Male,South,Wholesale,kim brown@Gmail.com
386,april harris,Male,North,Whole-sale,april harris@Gmail.com
387,laura holt,Male,South,Retail,laura holt@Gmail.com
388,sean frazier,Male,East,Retail,sean frazier@Gmail.com
389,robert kelly,Male,East,Retail,robert kelly@Gmail.com
390,scott jones,Male,South,Retail,scott jones@Gmail.com
391,deanna allen,Male,West,Retail,deanna allen@Gmail.com
392,lori townsend,Male,West,Wholesale,lori townsend@Gmail.com
393,rebecca hughes,Male,North,Retail,rebecca hughes@Gmail.com
394,kevin james,Male,North,Retail,kevin james@Gmail.com
395,kimberly roberts,Male,West,Retail,kimberly roberts@Gmail.com
396,dawn griffin,Male,South,Wholesale,dawn griffin@Gmail.com
397,michelle macias,Male,North,Wholesale,michelle macias@Gmail.com
398,sarah mckinney,Male,North,Wholesale,sarah mckinney@Gmail.com
399,megan walter,Male,South,Wholesale,megan walter@Gmail.com
400,james webb,Male,North,Wholesale,james webb@Gmail.com
401,ashley murray dds,Female,South,Wholesale,ashley murray dds@Gmail.com
402,jon white,Male,East,Retail,jon white@Gmail.com
403,nancy bass,Male,North,Retail,nancy bass@Gmail.com
404,diana bradley,Male,North,Wholesale,diana bradley@Gmail.com
405,melanie richards,Male,West,Wholesale,melanie richards@Gmail.com
406,danielle hernandez,Male,South,Retail,danielle hernandez@Gmail.com
407,jennifer hopkins,Female,East,Wholesale,jennifer hopkins@Gmail.com
408,sandra hernandez,Female,East,Retail,sandra hernandez@Gmail.com
409,rhonda nelson,Male,West,Wholesale,rhonda nelson@Gmail.com
410,casey reynolds,Male,East,Retail,casey reynolds@Gmail.com
411,joshua bailey,Male,East,Wholesale,joshua bailey@Gmail.com
412,donald payne jr.,Male,North,Retail,donald payne jr.@Gmail.com
413,daniel chen,Male,West,Wholesale,daniel chen@Gmail.com
414,derek gutierrez,Male,West,Retail,derek gutierrez@Gmail.com
415,alexis coleman,Male,West,Retaill,alexis coleman@Gmail.com
416,scott moore,Male,West,Retail,scott moore@Gmail.com
417,teresa greene,Female,South,Retail,teresa greene@Gmail.com
418,latoya gray,Male,North,Retail,latoya gray@Gmail.com
419,patricia murphy,Male,West,Wholesale,patricia murphy@Gmail.com
420,nicole robertson,Male,North,Retail,nicole robertson@Gmail.com
421,krystal lewis,Male,North,Wholesale,krystal lewis@Gmail.com
422,dustin chapman,Male,South,Retail,dustin chapman@Gmail.com
423,andrew mueller,Male,South,Whole-sale,andrew mueller@Gmail.com
424,tiffany hickman,Female,East,Retail,tiffany hickman@Gmail.com
425,wanda wagner,Male,North,Retail,wanda wagner@Gmail.com
426,kimberly cook,Male,East,Retail,kimberly cook@Gmail.com
427,jeffrey lawrence,Male,East,Retail,jeffrey lawrence@Gmail.com
428,jordan brooks,Male,South,Retail,jordan brooks@Gmail.com
429,jose allen,Male,North,Wholesale,jose allen@Gmail.com
430,paige rodriguez,Male,North,Wholesale,paige rodriguez@Gmail.com
431,george lucas,Male,South,Wholesale,george lucas@Gmail.com
432,jason williams,Male,South,Retail,jason williams@Gmail.com
433,jason marshall,Male,North,Retail,jason marshall@Gmail.com
434,allison hill,Male,North,Retaill,allison hill@Gmail.com
435,amy thomas,Female,East,Wholesale,amy thomas@Gmail.com
436,brittany garcia,Female,West,Retail,brittany garcia@Gmail.com
437,jose gutierrez,Male,North,Retail,jose gutierrez@Gmail.com
438,katie wong,Male,East,Retail,katie wong@Gmail.com
439,kyle crawford,Male,North,Retail,kyle crawford@Gmail.com
440,kelly gomez,Male,West,Wholesale,kelly gomez@Gmail.com
441,adam myers,Male,North,Whole-sale,adam myers@Gmail.com
442,lisa sanchez,Male,West,Retail,lisa sanchez@Gmail.com
443,melissa jackson,Male,East,Wholesale,melissa jackson@Gmail.com
444,jodi powell,Female,North,Retail,jodi powell@Gmail.com
445,brian vazquez,Male,South,Retail,brian vazquez@Gmail.com
446,ashley gibson,Female,East,Retail,ashley gibson@Gmail.com
447,david smith,Male,South,Wholesale,david smith@Gmail.com
448,natalie villanueva,Male,North,Wholesale,natalie villanueva@Gmail.com
449,claudia mitchell,Male,West,Retail,claudia mitchell@Gmail.com
450,rhonda holmes,Male,West,Wholesale,rhonda holmes@Gmail.com
451,john stephens,Male,South,Retail,john stephens@Gmail.com
452,julia sanders,Male,North,Retail,julia sanders@Gmail.com
453,curtis martin,Male,East,Retail,curtis martin@Gmail.com
454,jessica chaney,Female,West,Wholesale,jessica chaney@Gmail.com
455,jennifer johnson,Female,North,Wholesale,jennifer johnson@Gmail.com
456,linda hughes,Male,South,Retail,linda hughes@Gmail.com
457,kevin foley,Male,West,Retail,kevin foley@Gmail.com
458,ashley welch,Female,South,Retail,ashley welch@Gmail.com
459,justin taylor,Male,East,Retail,justin taylor@Gmail.com
460,summer reid,Male,North,Retail,summer reid@Gmail.com
461,jeffery smith,Male,South,Wholesale,jeffery smith@Gmail.com
462,ms. shelly howard dds,Male,South,Retail,ms. shelly howard dds@Gmail.com
463,maria harris,Male,South,Wholesale,maria harris@Gmail.com
464,brianna randall,Female,West,Wholesale,brianna randall@Gmail.com
465,allen williams,Male,East,Whole-sale,allen williams@Gmail.com
466,diane miller,Male,South,Retail,diane miller@Gmail.com
467,bruce lamb,Male,West,Retail,bruce lamb@Gmail.com
468,michael king,Male,South,Retail,michael king@Gmail.com
469,benjamin curtis,Male,West,Retaill,benjamin curtis@Gmail.com
470,tara weiss,Male,West,Retail,tara weiss@Gmail.com
471,william ingram,Male,North,Retail,william ingram@Gmail.com
472,pamela simpson,Male,West,Wholesale,pamela simpson@Gmail.com
473,marcus sandoval,Male,East,Retail,marcus sandoval@Gmail.com
474,stephanie gilbert,Male,West,Wholesale,stephanie gilbert@Gmail.com
475,janet burke,Male,North,Wholesale,janet burke@Gmail.com
476,tammy miller,Male,East,Retail,tammy miller@Gmail.com
477,madison singh,Male,South,Wholesale,madison singh@Gmail.com
478,thomas pratt,Male,East,Retail,thomas pratt@Gmail.com
479,charlotte carter,Male,West,Wholesale,charlotte carter@Gmail.com
480,christopher roman,Male,South,Wholesale,christopher roman@Gmail.com
481,robert gutierrez,Male,South,Wholesale,robert gutierrez@Gmail.com
482,christian martin,Male,North,Retail,christian martin@Gmail.com
483,robert english,Male,North,Wholesale,robert english@Gmail.com
484,tommy gray,Male,East,Wholesale,tommy gray@Gmail.com
485,angela malone,Female,West,Retail,angela malone@Gmail.com
486,sue warner,Male,West,Wholesale,sue warner@Gmail.com
487,michael santiago,Male,North,Retail,michael santiago@Gmail.com
488,jeremy fuller,Male,East,Wholesale,jeremy fuller@Gmail.com
489,rachel henry,Male,West,Wholesale,rachel henry@Gmail.com
490,sean noble,Male,East,Retail,sean noble@Gmail.com
491,robert ibarra,Male,North,Wholesale,robert ibarra@Gmail.com
492,alexander cooper,Male,West,Whole-sale,alexander cooper@Gmail.com
493,victor larson,Male,West,Retail,victor larson@Gmail.com
494,joanna thomas dds,Female,West,Wholesale,joanna thomas dds@Gmail.com
495,jennifer watkins,Female,North,Retail,jennifer watkins@Gmail.com
496,kathleen cowan,Male,North,Wholesale,kathleen cowan@Gmail.com
497,jordan harris,Male,West,Wholesale,jordan harris@Gmail.com
498,donald peterson,Male,East,Wholesale,donald peterson@Gmail.com
499,brian booth,Male,East,Whole-sale,brian booth@Gmail.com
500,kristin evans md,Male,South,Whole sale,kristin evans md@Gmail.com
